title_sentiment_score,title_midterm_sentiment,title_longterm_sentiment,datetime
-0.947225034236908,-7.07760214805603,-16.404664278030396,2011-09-30
0.5190914869308472,0.0,0.0,2011-10-05
-0.9114125370979309,-5.14167332649231,-17.316076815128326,2011-10-07
-0.9637905955314636,-0.9637905955314636,0.0,2011-11-03
-0.9463526606559753,-1.910143256187439,0.0,2011-11-04
-0.9171913266181946,-1.86354398727417,-2.8273345828056335,2011-12-05
-0.6076732873916626,-1.5248646140098572,-3.435007870197296,2011-12-09
-0.9413190484046936,-2.466183662414551,-4.37632691860199,2011-12-27
-0.8610167503356934,-2.4100090861320496,-4.2735530734062195,2011-12-29
-0.8601070642471313,-2.6624428629875183,-4.1873074769973755,2012-01-10
0.5986776947975159,-1.1224461197853088,-3.5886297821998596,2012-01-11
0.598979115486145,-1.9583033323287964,-12.133367776870728,2012-01-13
0.9319600462913513,1.2695097923278809,-1.1404992938041687,2012-02-14
0.7492712736129761,2.018781065940857,0.21644526720046997,2012-02-16
0.46043604612350464,2.141667366027832,2.4792171120643616,2012-03-01
0.9095271229743958,0.9095271229743958,2.1192344427108765,2012-04-05
-0.8439069390296936,0.06562018394470215,1.2753275036811829,2012-04-12
0.8717296123504639,0.937349796295166,1.3977858424186707,2012-04-25
-0.9387274384498596,-0.0013776421546936035,-0.0013776421546936035,2012-04-26
0.644082248210907,0.5770844221115112,0.6427046060562134,2012-05-03
-0.7009372115135193,-0.056854963302612305,-0.05823260545730591,2012-05-30
1.5509989857673645,2.1499781012535095,-0.43083906173706055,2012-06-01
-0.5434650778770447,1.0075339078903198,0.9506789445877075,2012-06-08
0.8525859117507935,0.3091208338737488,1.159182608127594,2012-06-20
-0.0021150708198547363,0.8504708409309387,0.30700576305389404,2012-07-06
-0.919447124004364,-0.9215621948242188,-0.06897628307342529,2012-07-24
-0.614524781703949,0.9364742040634155,-0.3231842517852783,2012-07-27
-0.48222219944000244,-1.0967469811439514,-2.0161941051483154,2012-08-24
-0.9337159991264343,-1.4159381985664368,-2.9499101042747498,2012-08-29
-0.7608730792999268,-1.694589078426361,-2.1768112778663635,2012-09-14
-0.3746170401573181,-1.1354901194572449,-2.5514283180236816,2012-09-19
0.9022350311279297,-0.23325508832931519,-1.1669710874557495,2012-10-02
-0.8901612162590027,0.012073814868927002,-1.1234163045883179,2012-10-10
-1.8881118297576904,-3.392797827720642,-0.715201735496521,2012-10-19
-0.8772775530815125,-2.765389382839203,-2.753315567970276,2012-10-23
-0.8734652996063232,-2.6910855174064636,-4.529015898704529,2012-10-30
0.7443893551826477,-1.006353497505188,-2.8944653272628784,2012-11-06
0.8934769034385681,0.7644009590148926,-2.0009884238243103,2012-11-07
0.815731406211853,1.5801323652267456,-1.1852570176124573,2012-11-13
-1.4446716904640198,1.008925974369049,-1.6821595430374146,2012-11-14
-0.738660991191864,-1.3676012754440308,-0.6032003164291382,2012-11-21
-0.5366268157958984,-1.9042280912399292,-1.1398271322250366,2012-11-22
-0.8717208504676819,-3.591680347919464,-2.0115479826927185,2012-11-30
0.8668046593666077,-0.5415430068969727,-1.9091442823410034,2012-12-11
0.7287730574607849,1.5955777168273926,-0.5514309406280518,2013-01-09
0.7795525193214417,2.3751302361488342,0.2281215786933899,2013-01-10
-0.5957541465759277,0.9125714302062988,0.37102842330932617,2013-01-11
0.6774564981460571,1.590027928352356,1.5851117372512817,2013-01-21
-0.17502671480178833,1.4150012135505676,2.2818058729171753,2013-01-24
-2.510792553424835,-2.7649070620536804,-1.7838541269302368,2013-01-25
-0.9665454924106598,-3.6523647606372833,-2.0623368322849274,2013-01-31
0.9163613319396973,-2.736003428697586,-1.14597550034523,2013-02-04
-0.9285709857940674,-3.6645744144916534,-2.0745464861392975,2013-02-05
-0.9182114601135254,-0.9182114601135254,-1.8969666063785553,2013-02-27
-0.6325594186782837,-1.550770878791809,-1.5629805326461792,2013-02-28
-0.8163252472877502,-2.3670961260795593,-2.3670961260795593,2013-03-05
-0.6093523502349854,-1.4256775975227356,-2.9764484763145447,2013-03-08
0.48547062277793884,0.48547062277793884,-0.9402069747447968,2013-04-10
0.782209575176239,1.2676801979541779,-0.15799739956855774,2013-04-12
0.43106168508529663,1.6987418830394745,0.2730642855167389,2013-04-15
-0.8822714686393738,0.8164704144001007,0.20711806416511536,2013-04-16
-1.0541163682937622,-0.2376459538936615,-2.4398955404758453,2013-04-19
1.681880533695221,0.9587639570236206,1.4442345798015594,2013-04-23
0.4759943187236786,0.6525487005710602,1.920228898525238,2013-04-30
0.44923266768455505,0.6707196831703186,2.369461566209793,2013-05-01
0.5684826374053955,2.121473789215088,2.9379442036151886,2013-05-08
-0.3541276156902313,1.8758549392223358,2.5838165879249573,2013-05-09
-0.9146309494972229,1.9068315923213959,1.1837150156497955,2013-05-10
0.6275383830070496,0.3764951229095459,1.029043823480606,2013-05-14
0.6353933215141296,0.3483007550239563,2.224155694246292,2013-05-22
-0.9344677925109863,-1.8800753951072693,-2.53262996673584,2013-05-31
0.6453533172607422,0.6453533172607422,0.3462788462638855,2013-06-13
-0.5297091603279114,0.11564415693283081,-0.18343031406402588,2013-06-18
-0.9052637815475464,-2.7853391766548157,-3.4378937482833862,2013-06-21
0.7772254347801208,-0.12803834676742554,-2.008113741874695,2013-07-12
-0.038043975830078125,0.7391814589500427,-0.695791482925415,2013-07-19
-0.046566784381866455,0.6926146745681763,0.6926146745681763,2013-07-23
0.886009693145752,1.5786243677139282,1.5786243677139282,2013-07-24
-0.6888818740844727,0.8897424936294556,0.8897424936294556,2013-07-31
0.5305309295654297,0.6810919642448425,1.4202734231948853,2013-08-13
0.9120600819587708,1.5931520462036133,2.332333505153656,2013-08-21
-0.1550908088684082,0.5986183285713196,2.177242696285248,2013-08-23
-0.8133734464645386,0.47412675619125366,0.5866438150405884,2013-09-03
0.8591647744178772,1.3332915306091309,1.4838525652885437,2013-09-04
-0.5514567494392395,-0.6607562303543091,0.9789626002311707,2013-09-10
-0.9659853577613831,-0.6582773327827454,-0.1841505765914917,2013-09-13
1.260101169347763,-0.2573409378528595,1.0759505927562714,2013-09-18
-0.5225934982299805,-0.77993443608284,-0.8892339169979095,2013-09-26
-1.7434905171394348,-2.100006550550461,-4.640838176012039,2013-09-27
0.8456165790557861,-1.1263516247272491,-1.63201704621315,2013-10-01
-0.9432713985443115,-1.1036376655101776,-1.761914998292923,2013-10-16
0.7042633891105652,-0.35884225368499756,-1.3653596341609955,2013-10-22
0.8543378114700317,1.4609463810920715,-0.5110218226909637,2013-10-23
0.5700486302375793,1.1853784322738647,0.0590268075466156,2013-10-24
-0.7517151236534119,1.188709318637848,-1.7546599209308624,2013-10-25
-0.5661179423332214,-0.747784435749054,0.7131619453430176,2013-11-19
-0.6520304083824158,-1.969863474369049,-0.7844850420951843,2013-11-20
0.6137893199920654,-0.3202779293060303,-2.160009503364563,2013-11-22
-0.9398601651191711,-1.544219195842743,-0.16728448867797852,2013-11-27
-0.9215822815895081,-1.2476531267166138,-3.217516601085663,2013-12-06
-0.7147339582443237,-1.9623870849609375,-3.926377296447754,2013-12-09
-1.321993112564087,-4.05581271648407,-5.728070259094238,2013-12-13
-0.7126811146736145,-2.749408185482025,-3.997061312198639,2013-12-20
-0.5492007732391357,-2.583875000476837,-4.220191240310669,2014-01-07
0.9318985939025879,-0.938639223575592,-3.288292646408081,2014-01-08
-0.8615479469299316,-1.191531240940094,-4.149840593338013,2014-01-09
-0.5323230028152466,-1.7238542437553406,-4.682163596153259,2014-01-15
-0.9369169473648071,-1.9480900764465332,-4.697498261928558,2014-01-17
-0.9069383144378662,-2.8550283908843994,-4.889702618122101,2014-01-20
-0.9457614421844482,-3.251589059829712,-5.835464060306549,2014-01-22
-0.7205393314361572,-4.904026985168457,-5.842666208744049,2014-01-23
-2.4804494380950928,-7.263636946678162,-8.643393576145172,2014-01-24
-1.8727722764015198,-7.852050304412842,-10.73420763015747,2014-01-31
-0.49017196893692017,-6.509694457054138,-9.364722847938538,2014-02-05
-0.7195155024528503,-4.013182640075684,-9.605388224124908,2014-02-25
0.5854325890541077,-0.13408291339874268,-6.643777370452881,2014-03-13
1.6265330910682678,2.2119656801223755,-1.801216959953308,2014-03-19
0.4475216865539551,-1.449751079082489,-3.15591037273407,2014-03-28
-1.706522822380066,-2.7087522149086,-2.202945828437805,2014-04-04
0.8689855933189392,-0.8375372290611267,1.2365175485610962,2014-04-24
-1.387005627155304,-3.4712929129600525,-4.719241619110107,2014-04-25
0.31410714983940125,-0.2039128839969635,-1.4629140198230743,2014-04-29
0.8807477355003357,0.8807477355003357,0.6768348515033722,2014-05-22
0.8710711002349854,0.08515971899032593,-1.8069796562194824,2014-05-30
0.7272031307220459,0.8123628497123718,-1.693565845489502,2014-06-06
-0.9561769366264343,-0.9561769366264343,0.6420972943305969,2014-07-18
-0.8100646138191223,-1.7662415504455566,-1.0390384197235107,2014-07-30
-1.7669407725334167,-3.5331823229789734,-3.5331823229789734,2014-08-01
-0.7416629791259766,-3.3186683654785156,-4.27484530210495,2014-08-19
0.8742870688438416,1.9908891320228577,-0.2106228470802307,2014-09-19
-0.6169687509536743,0.25731831789016724,-0.4843446612358093,2014-09-25
-0.788123369216919,1.6844379305839539,-0.9987462162971497,2014-10-10
-0.940895140171051,-0.940895140171051,-1.72901850938797,2014-11-20
-1.620919108390808,-0.8773763179779053,-2.6298375725746155,2014-12-19
-0.9051511883735657,-0.9280350804328918,-0.8428753614425659,2014-12-26
-0.47777771949768066,-3.0038480162620544,-3.9447431564331055,2015-01-27
-0.9020247459411621,-3.9058727622032166,-4.846767902374268,2015-01-28
-0.7963632941246033,-3.9175676703453064,-5.643131196498871,2015-01-29
-0.5021338164806366,-5.238688975572586,-6.988140374422073,2015-01-30
-0.5281044244766235,-3.206404000520706,-5.73247429728508,2015-02-03
0.5062960982322693,-2.700107902288437,-5.226178199052811,2015-02-04
-0.8915309309959412,-3.1138611137866974,-6.117709130048752,2015-02-05
0.6077463626861572,-1.9762954115867615,-1.6114542484283447,2015-02-06
0.64890056848526,-1.3273948431015015,-0.21079277992248535,2015-02-13
-0.8957241177558899,-2.309282660484314,-0.6248447299003601,2015-02-20
-0.9444549083709717,-2.417486846446991,-1.5692996382713318,2015-02-27
-0.6305344700813293,-2.470713496208191,-1.2140665650367737,2015-03-04
-0.9144062995910645,-3.3851197957992554,-2.128472864627838,2015-03-05
-0.8518059253692627,-3.341201603412628,-3.588025152683258,2015-03-12
0.8653474450111389,-0.6469882130622864,-1.5750232934951782,2015-03-20
-1.8565593361854553,-1.5612024664878845,-6.634639918804169,2015-03-27
0.8413469195365906,-0.14986497163772583,-3.491066575050354,2015-03-30
0.6969089508056641,0.5470439791679382,-1.8497027158737183,2015-04-01
0.570762574672699,-0.4753440022468567,-2.7846266627311707,2015-06-19
-0.6192139983177185,-0.04845142364501953,-0.04845142364501953,2015-07-10
-0.7109880447387695,-0.7594394683837891,-0.7594394683837891,2015-07-14
-0.9522416591644287,-1.6632297039031982,-1.7116811275482178,2015-07-24
-0.9724352955818176,-1.3686718344688416,-2.015660047531128,2015-07-31
-0.9287789463996887,-2.853455901145935,-4.183657944202423,2015-08-05
-0.4811238646507263,-2.3823381066322327,-4.045567810535431,2015-08-25
0.6847603917121887,0.2036365270614624,-2.6498193740844727,2015-09-01
-0.935297429561615,-0.25053703784942627,-2.632875144481659,2015-09-17
0.809810221195221,0.5592731833457947,-0.8506296277046204,2015-09-23
-0.7219374179840088,-1.1236101388931274,-2.416540265083313,2015-09-25
-0.9525514245033264,-1.7999760508537292,-1.5963395237922668,2015-10-01
0.9308155179023743,-0.19279462099075317,-2.1346253156661987,2015-10-09
0.5682350993156433,-0.17543822526931763,0.38383495807647705,2015-10-23
-0.6594638228416443,0.8395867943763733,-0.960389256477356,2015-10-28
-0.7678553462028503,-0.7678553462028503,-0.8590840697288513,2015-12-11
-0.8441868424415588,-1.6120421886444092,-1.6120421886444092,2016-01-07
-0.9218217134475708,-1.7660085558891296,-2.53386390209198,2016-01-25
-0.8584519028663635,-2.624460458755493,-3.3923158049583435,2016-01-29
-0.8787602186203003,-2.6590338349342346,-4.271076023578644,2016-02-03
-0.5989857316017151,-3.2580195665359497,-4.1022064089775085,2016-02-15
0.8888030052185059,0.28981727361679077,-2.369216561317444,2016-03-09
-0.5387430191040039,0.35005998611450195,-2.9079595804214478,2016-04-20
-0.9361609816551208,-1.4749040007591248,-1.185086727142334,2016-04-27
-0.9282297492027283,-2.403133749961853,-2.1133164763450623,2016-04-28
-1.8123130202293396,-2.7458882331848145,-3.51943838596344,2016-04-29
-0.5288025140762329,-4.205506265163422,-3.8554462790489197,2016-05-04
-0.9227098226547241,-1.451512336730957,-5.128216087818146,2016-05-31
-0.9085307717323303,-1.8312405943870544,-6.036746859550476,2016-06-03
-0.748322069644928,-2.5795626640319824,-4.047829747200012,2016-07-06
0.93578040599823,-0.7210724353790283,-2.1725847721099854,2016-07-14
0.5405231714248657,0.7279815077781677,-1.1032590866088867,2016-07-21
-0.9695987701416016,-0.42907559871673584,-0.24161726236343384,2016-08-12
-0.9067667722702026,-1.8763655424118042,-1.3358423709869385,2016-09-13
-0.8592107892036438,-1.7986753582954407,-1.9914699792861938,2016-09-23
-0.693466305732727,-2.4594438672065735,-2.8885194659233093,2016-09-28
-0.8876054286956787,-3.347049295902252,-4.316648066043854,2016-10-07
0.5462822318077087,-1.8940002918243408,-3.770365834236145,2016-10-19
0.9379903674125671,-0.09679913520812988,-1.8627766966819763,2016-10-21
-0.5442226529121399,0.052444517612457275,-2.406999349594116,2016-10-26
0.6642331480979919,1.604283094406128,-1.7427662014961243,2016-11-23
0.8252852559089661,1.489518404006958,1.5419629216194153,2016-12-08
-0.6010169386863708,0.22426831722259521,0.34427881240844727,2017-01-11
0.5498324036598206,-0.05118453502655029,1.4383338689804077,2017-01-17
0.6298235654830933,-1.1688517928123474,-1.9324089884757996,2017-01-20
-0.7804113030433655,-0.2017722725868225,0.6235129833221436,2017-01-23
0.8077763319015503,1.2070209980010986,0.6060040593147278,2017-01-25
0.8801787495613098,2.0871997475624084,1.4861828088760376,2017-01-26
-0.8984575271606445,0.009086251258850098,0.5877252817153931,2017-01-31
0.6116177439689636,-0.5572340488433838,-0.3483559489250183,2017-02-03
1.551835536956787,1.2649957537651062,2.802363097667694,2017-02-16
0.5044321417808533,1.7694278955459595,3.3067952394485474,2017-02-17
-0.9295401573181152,1.7383452653884888,2.5278428196907043,2017-03-07
-0.6589075922966003,0.4678199291229248,1.0611588954925537,2017-03-20
0.9476932287216187,-0.13632237911224365,1.1286733746528625,2017-03-31
0.9354699850082397,0.2947154641151428,2.0641433596611023,2017-04-03
-0.8882680535316467,0.33598756790161133,2.0743328332901,2017-04-07
-0.7238062620162964,-0.38781869411468506,1.3505265712738037,2017-04-11
-0.8260699510574341,-1.5026742815971375,-1.638996660709381,2017-04-24
0.5773476362228394,-1.8607966303825378,-1.566081166267395,2017-04-25
-0.2903115749359131,-2.151108205318451,-1.856392741203308,2017-04-26
-0.6759564280509949,-0.6759564280509949,-1.2149903178215027,2017-05-12
-0.6925354599952698,-1.3684918880462646,-1.0814558267593384,2017-05-16
-0.8960265517234802,-2.264518439769745,-2.554830014705658,2017-05-18
-0.7070505619049072,-2.971569001674652,-2.971569001674652,2017-06-01
0.28709906339645386,-1.4430286288261414,-3.241703987121582,2017-06-30
-0.9534396529197693,-2.9619531631469727,-3.6379095911979675,2017-07-04
-0.515574038028717,-3.4775272011756897,-4.153483629226685,2017-07-05
-0.17878544330596924,-2.963777184486389,-4.332269072532654,2017-07-17
-0.9589163661003113,-3.02666699886322,-5.291185438632965,2017-07-18
-0.7281907796859741,-2.390578806400299,-6.019376218318939,2017-07-20
-1.4485985934734344,-3.22755965590477,-7.0808813869953156,2017-07-21
0.5949786901473999,-2.54072704911232,-5.504504233598709,2017-07-28
-0.6008453965187073,-1.4544652998447418,-3.845044106245041,2017-08-11
0.8660794496536255,1.929773598909378,0.7609218060970306,2017-09-29
-0.8241441249847412,0.4940117299556732,-0.06322231888771057,2017-10-13
0.8451201915740967,0.887055516242981,-0.5674097836017609,2017-10-20
-0.8888877630233765,-0.0018322467803955078,-0.007698953151702881,2017-10-23
-0.8874670267105103,-1.7553787231445312,-0.8951659798622131,2017-10-24
-0.9062528610229492,-1.8374874591827393,-2.3963975310325623,2017-10-27
0.5977938771247864,-0.30845898389816284,-2.063837707042694,2017-11-10
-0.9127392768859863,-1.2211982607841492,-2.152432858943939,2017-11-16
-0.812042772769928,-1.126988172531128,-3.809595823287964,2017-12-20
-0.9625516533851624,-2.0895398259162903,-3.8832597136497498,2017-12-21
0.6613855361938477,1.1553972661495209,2.3968385756015778,2018-01-05
-0.6433287262916565,-1.7565376162528992,-2.071483016014099,2018-01-10
0.7695702314376831,0.9806400239467621,3.166408807039261,2018-01-12
-0.7254931926727295,0.7473978996276855,1.811092048883438,2018-01-26
0.8034915924072266,0.07799839973449707,0.8656254410743713,2018-01-31
0.5089887380599976,0.5869871377944946,1.374614179134369,2018-02-07
0.6428403854370117,1.9553207159042358,1.356069028377533,2018-02-28
-0.9177310466766357,1.0375896692276,1.0816667079925537,2018-03-07
0.530160665512085,0.7642587423324585,0.8422571420669556,2018-03-20
0.9141514301300049,1.6784101724624634,1.7564085721969604,2018-03-21
-0.7937639951705933,0.37565743923187256,0.9626445770263672,2018-03-27
0.945481538772583,0.6782985925674438,2.6336193084716797,2018-03-29
-0.9308018684387207,0.6652277708053589,1.702817440032959,2018-04-02
-0.8288403749465942,-0.16361260414123535,0.8739770650863647,2018-04-04
-0.8267152905464172,-1.6408759951591492,-1.2652185559272766,2018-04-25
0.7075648903846741,-0.11915040016174316,-0.2827630043029785,2018-05-08
-0.9153069853782654,-0.2077420949935913,-2.7940996289253235,2018-06-04
0.42372971773147583,0.21598762273788452,-1.439568042755127,2018-06-05
0.9405513405799866,0.448974072933197,0.32982367277145386,2018-06-22
-0.5258039832115173,0.17965859174728394,0.6736703217029572,2018-07-13
-0.9597617983818054,-0.12128472328186035,-0.32902681827545166,2018-07-16
-0.7289654016494751,-1.2739798426628113,-1.7655571103096008,2018-07-18
0.9116028547286987,-1.3029283285140991,-0.8539542555809021,2018-07-19
-1.8392416834831238,-1.8392416834831238,-1.8392416834831238,2018-10-09
-0.9021761417388916,-2.7414178252220154,-2.7414178252220154,2018-10-12
0.8654561042785645,-1.875961720943451,-1.875961720943451,2018-10-17
-0.7770978212356567,-2.6530595421791077,-2.6530595421791077,2018-10-18
-0.5718088150024414,-3.224868357181549,-3.224868357181549,2018-10-19
0.4705646336078644,-0.9150620400905609,-2.7543037235736847,2018-10-22
-0.03795868158340454,-0.9163006842136383,-2.7922624051570892,2018-10-25
-0.0675610899925232,-0.20676395297050476,-2.8598234951496124,2018-10-26
-0.8584804534912109,-0.4934355914592743,-3.7183039486408234,2018-10-30
0.9000029563903809,0.3741989731788635,0.2555174231529236,2018-11-09
-0.7346678376197815,-0.6931453347206116,-0.8999092876911163,2018-11-13
0.6933326125144958,0.00018727779388427734,0.3652321398258209,2018-11-14
-0.9651268124580383,-0.10645908117294312,-0.5998946726322174,2018-11-15
-0.04951167106628418,-0.1559707522392273,-1.119970977306366,2018-11-22
0.8203543424606323,-0.19428414106369019,-0.1940968632698059,2018-11-28
-0.4178240895271301,0.353018581867218,0.2465595006942749,2018-11-29
1.5587523579597473,1.9329513311386108,2.638413906097412,2018-11-30
0.5820248126983643,2.4937957525253296,2.3873366713523865,2018-12-05
-0.16176825761795044,-0.16176825761795044,2.332027494907379,2018-12-20
0.7067129015922546,0.5449446439743042,2.2678977251052856,2019-01-03
-1.8263351917266846,-1.2813905477523804,0.8593866229057312,2019-01-04
0.6742665767669678,-0.44535571336746216,-0.6071239709854126,2019-01-09
0.7601419687271118,0.31478625535964966,0.15301799774169922,2019-01-16
-0.7219128012657166,-1.1138394474983215,-0.5688948035240173,2019-01-24
-3.164552867412567,1.5607649683952332,-1.4536496996879578,2019-01-25
-0.9538329839706421,-4.840298652648926,-4.525512397289276,2019-01-28
-0.966374933719635,-5.084760785102844,-6.198600232601166,2019-01-31
0.09371185302734375,-3.4435965418815613,-4.2785531878471375,2019-02-01
-0.6210491061210632,-3.1599571108818054,-4.899602293968201,2019-02-05
-0.9016983509063721,-2.3954105377197266,-7.235709190368652,2019-02-15
-0.8474615812301636,-2.370209038257599,-5.81380558013916,2019-02-21
-0.9388864040374756,-2.6880463361740112,-4.181758522987366,2019-02-26
-0.9736104011535645,-2.7599583864212036,-5.15536892414093,2019-03-06
-0.48839646577835083,-0.5467445850372314,-0.17254561185836792,2019-03-08
-0.917061984539032,-3.0225589275360107,-1.0896075963974,2019-03-22
0.8265802264213562,-0.09048175811767578,-2.4913750290870667,2019-03-25
0.4593372642993927,-2.563221663236618,-0.10446634888648987,2019-03-29
-0.8544948697090149,-0.485639363527298,-1.9476462304592133,2019-04-02
-0.6139395833015442,-1.0995789468288422,-2.5615858137607574,2019-04-05
0.632470965385437,0.632470965385437,-0.46710798144340515,2019-04-19
-0.4966961443424225,0.13577482104301453,-0.9638041257858276,2019-04-24
-0.042516231536865234,0.09325858950614929,-0.08925837278366089,2019-04-25
0.6441699862480164,0.7374285757541656,-0.27166861295700073,2019-04-26
-0.863646388053894,-0.863646388053894,-0.1262178122997284,2019-05-08
-0.2224518060684204,-1.0860981941223145,-0.3486696183681488,2019-05-17
-0.8259478211402893,-1.9120460152626038,-1.3103922605514526,2019-05-20
-0.7277349829673767,-2.6397809982299805,-1.9956110119819641,2019-05-21
-0.9007499814033508,-2.6768845915794373,-3.5405309796333313,2019-05-23
-1.891075313091278,-4.567959904670715,-5.431606292724609,2019-05-24
-0.9205535054206848,-0.4612162411212921,-3.483775168657303,2019-05-31
-0.9621496796607971,-1.882703185081482,-6.450663089752197,2019-06-05
0.4975610673427582,-1.3851421177387238,-4.176967412233353,2019-06-11
-2.7504611015319824,-3.2150497138500214,-6.026678532361984,2019-06-13
-0.7840616106987,-3.036961644887924,-4.919664829969406,2019-06-21
0.6753464341163635,-2.859176278114319,-3.323764890432358,2019-06-25
0.6956775784492493,0.5869624018669128,-2.6280873119831085,2019-06-26
-0.964703381061554,-1.8852568864822388,-2.831378072500229,2019-06-28
-0.9725750088691711,-1.3503159880638123,-3.6032160222530365,2019-07-03
0.631924033164978,0.06566965579986572,-3.4688530564308167,2019-07-10
0.8524705171585083,1.4843945503234863,0.13407856225967407,2019-07-16
-0.9575914144515991,0.5268031358718872,-0.0394512414932251,2019-07-17
-0.5533919930458069,-0.6585128903388977,-0.592843234539032,2019-07-18
1.5986453294754028,0.9401324391365051,0.3304556608200073,2019-07-19
-0.4319668114185333,0.5081656277179718,0.1675146520137787,2019-07-26
-0.9492143988609314,0.2174641191959381,-0.4410487711429596,2019-08-06
-0.6479040384292603,-2.029085248708725,-1.0889528095722198,2019-08-09
0.824199914932251,-0.7729185223579407,-0.26475289463996887,2019-08-14
0.586277186870575,-0.18664133548736572,0.3215242922306061,2019-08-15
-0.9388858675956726,-0.9388858675956726,-1.1255272030830383,2019-09-13
0.004476010799407959,-1.8991132378578186,-2.0570936799049377,2019-09-20
-0.8904840350151062,-1.8248938918113708,-1.8248938918113708,2019-09-26
-0.9442072510719299,-1.8302152752876282,-2.769101142883301,2019-10-02
-0.960793137550354,-1.905000388622284,-3.729894280433655,2019-10-15
-1.4969143867492676,-4.855493009090424,-7.661303400993347,2019-10-18
-0.9391677975654602,-2.436082184314728,-4.341082572937012,2019-10-23
0.5925623178482056,-1.8435198664665222,-2.804313004016876,2019-10-24
-1.839110255241394,-6.073737025260925,-8.919787049293518,2019-10-25
-1.8185392022132874,-4.8956791162490845,-6.461962461471558,2019-10-29
-0.7770482301712036,-4.78130316734314,-7.239010691642761,2019-10-31
-0.7428688406944275,-4.043034493923187,-5.928291380405426,2019-11-01
0.6912249326705933,-4.486341595649719,-6.3298614621162415,2019-11-04
-0.8289961814880371,-1.657688319683075,-6.553367435932159,2019-11-07
-0.035881221294403076,-5.736604034900665,-11.62611585855484,2019-11-08
-0.8845998048782349,-1.749477207660675,-5.305767297744751,2019-11-13
-0.9720545411109924,-2.7215317487716675,-5.368763089179993,2019-11-14
-0.9072213768959045,-2.799756944179535,-4.45744526386261,2019-11-15
0.3155292868614197,-2.448346436023712,-3.3648677468299866,2019-11-19
-1.2083122730255127,-3.656658709049225,-3.8303111791610718,2019-11-20
0.8969322443008423,-2.7597264647483826,-3.6246038675308228,2019-11-22
-0.7449262738227844,-1.6479983925819397,-4.369530141353607,2019-11-25
-0.2970176339149475,-1.0377946496009827,-4.76849102973938,2019-11-27
-0.9512112140655518,-2.304535150527954,-4.752881586551666,2019-11-28
-0.3292121887207031,-7.367019057273865,-12.222512066364288,2019-11-29
-0.8683760166168213,-2.4458170533180237,-4.093815445899963,2019-12-03
-0.9407050013542175,-3.386522054672241,-4.127299070358276,2019-12-05
-0.9491910934448242,-4.038695514202118,-5.076490163803101,2019-12-06
-0.6870622634887695,-3.7745465636253357,-6.07908171415329,2019-12-09
-0.9242550134658813,-4.698801577091217,-5.7950244545936584,2019-12-10
-0.9732025861740112,-5.342791974544525,-7.665159285068512,2019-12-12
-0.9434899687767029,-4.477200925350189,-7.86372298002243,2019-12-18
0.7826430201530457,-0.5133898258209229,-4.55642431974411,2019-12-20
-1.6701071858406067,-1.830954134464264,-7.173746109008789,2019-12-31
-0.9387946724891663,-2.76974880695343,-7.244164764881134,2020-01-01
-2.751948058605194,-5.360849916934967,-6.4948994517326355,2020-01-14
-0.8205475211143494,-4.51129025220871,-6.342244386672974,2020-01-15
0.7533138990402222,-2.8191816806793213,-4.645440518856049,2020-01-21
-0.4970881938934326,-0.4970881938934326,-3.316269874572754,2020-01-30
0.845568060874939,0.34847986698150635,-2.470701813697815,2020-01-31
-0.9456904530525208,-0.5972105860710144,-0.6644442081451416,2020-02-03
0.9178962707519531,0.3206856846809387,1.0739995837211609,2020-02-04
-0.9690749049186707,-0.6483892202377319,0.10492467880249023,2020-02-06
-0.9511802792549133,-1.9480493664741516,-1.5995694994926453,2020-02-11
0.7163956165313721,-0.2859632968902588,-0.8831738829612732,2020-02-12
-0.9724453091621399,-2.176304876804352,-1.855619192123413,2020-02-13
-1.6520041823387146,-3.8283090591430664,-3.5076233744621277,2020-02-14
0.5839768648147583,-2.2752572894096375,-2.9236465096473694,2020-02-18
-0.89091956615448,-2.214996576309204,-4.163045942783356,2020-02-20
-0.89091956615448,-3.822311758995056,-4.108275055885315,2020-02-21
0.8163619637489319,-0.3815003037452698,-3.2407344579696655,2020-02-25
-0.10304075479507446,-1.0685179233551025,-3.34377521276474,2020-02-27
-2.1614688634872437,-2.339067220687866,-4.55406379699707,2020-02-28
-2.4888858795166016,-3.937033534049988,-7.759345293045044,2020-03-04
-1.7068071365356445,-5.643840670585632,-8.493707120418549,2020-03-05
-0.816888153553009,-6.460728824138641,-7.658591091632843,2020-03-06
-0.9598263502120972,-8.23691713809967,-8.61841744184494,2020-03-10
0.4064338207244873,-7.830483317375183,-8.795960485935211,2020-03-11
-0.9455817937850952,-8.673024356365204,-9.741542279720306,2020-03-12
-0.9341667294502258,-7.445722222328186,-9.784789443016052,2020-03-13
-0.6690012216567993,-3.1021422743797302,-9.562871098518372,2020-03-18
-0.7756718993186951,-0.7756718993186951,-0.32224106788635254,2020-03-20
-0.855574905872345,-1.63124680519104,-0.26892977952957153,2020-03-27
0.6726629734039307,-1.6275850534439087,-4.877614259719849,2020-03-30
0.9235420227050781,-0.03504180908203125,-3.1371840834617615,2020-04-01
0.9494452476501465,0.9144034385681152,-1.2279124855995178,2020-04-07
-0.9616016745567322,0.7284736633300781,-0.7161994576454163,2020-04-10
-0.9198265075683594,0.6642220616340637,-1.6360259652137756,2020-04-15
-0.5009202361106873,-1.4329031705856323,-1.4679449796676636,2020-04-17
-0.9662817716598511,-3.34863018989563,-2.4342267513275146,2020-04-21
-0.042621076107025146,-2.429649591445923,-1.7011759281158447,2020-04-28
-0.7645677328109741,-2.2743908166885376,-1.6101687550544739,2020-04-29
1.8079689741134644,-0.46642184257507324,-0.4748627543449402,2020-04-30
-0.9112385511398315,-2.5424853563308716,-1.759842336177826,2020-05-01
-0.9329599738121033,-0.8434183597564697,-4.1920485496521,2020-05-06
0.5513994693756104,-0.24939781427383423,-2.679047405719757,2020-05-07
-0.20783239603042603,-2.2351478338241577,-4.509538650512695,2020-05-08
-1.1080183386802673,-3.9764634370803833,-4.819881796836853,2020-05-15
1.300144374370575,0.19212603569030762,-1.3085054159164429,2020-05-21
1.3467926979064941,1.5389187335968018,0.03828728199005127,2020-05-22
0.09229451417922974,1.6312132477760315,1.0418203473091125,2020-05-27
-0.7238060235977173,0.9074072241783142,0.31801432371139526,2020-05-29
-0.780096709728241,0.48729145526885986,0.47087758779525757,2020-06-04
1.409047544002533,-1.3156731724739075,-2.631523907184601,2020-06-05
0.2872859239578247,1.6315179467201233,1.823643982410431,2020-06-10
-0.7906954884529114,-0.598264753818512,1.0329484939575195,2020-06-12
0.8681575655937195,0.3647480010986328,3.0091243982315063,2020-06-17
-1.465136468410492,-2.9366188645362854,-2.936347723007202,2020-06-19
-1.5731308460235596,-2.170109748840332,-1.2644717693328857,2020-06-23
-0.8026609420776367,-2.9727706909179688,-2.696321964263916,2020-06-24
-0.584098756313324,-4.425027012825012,-4.060279011726379,2020-06-25
-0.9316418766975403,-4.830165803432465,-5.279206812381744,2020-06-26
0.9299066662788391,-2.9616257548332214,-3.558604657649994,2020-06-30
-0.9196696877479553,-2.308164596557617,-4.478274345397949,2020-07-02
-0.6072914600372314,-2.112795114517212,-5.085565805435181,2020-07-03
-0.9695265889167786,-1.5665810704231262,-5.458113491535187,2020-07-09
-0.7225861549377441,-5.671772718429565,-14.218109130859375,2020-07-10
-0.7745912671089172,-2.140584647655487,-3.9936651587486267,2020-07-22
0.11304742097854614,-1.452105164527893,-2.9609480500221252,2020-07-23
-0.05831509828567505,-0.7198589444160461,-2.411971688270569,2020-07-24
0.6512055397033691,-0.068653404712677,-0.7912395596504211,2020-07-30
-0.027147531509399414,0.6787903308868408,-1.4617943167686462,2020-07-31
-1.636798083782196,-1.0127400755882263,-1.7325990200042725,2020-08-04
-0.7967663407325745,-1.8095064163208008,-2.529365360736847,2020-08-05
0.7539024949073792,-0.6120908856391907,-2.1884301900863647,2020-08-14
-0.49576708674430847,-0.5386309325695038,-1.55137100815773,2020-08-17
-0.7867240309715271,-0.5285886228084564,-2.338095039129257,2020-08-18
0.08811378479003906,-0.44047483801841736,-2.9011867940425873,2020-08-20
0.01522284746170044,-0.136126309633255,-4.242531269788742,2020-08-21
-0.9576554894447327,-1.6410428881645203,-2.179673820734024,2020-08-24
-0.9299733638763428,-1.784292221069336,-2.3128808438777924,2020-08-25
-0.027942240238189697,-1.8122344613075256,-2.340823084115982,2020-08-26
-0.9300256371498108,-2.845596730709076,-4.024751216173172,2020-08-31
0.62129145860672,-0.3366764187812805,-2.1209686398506165,2020-09-02
-1.4980864524841309,-0.9321449398994446,-5.049006164073944,2020-09-04
-0.9565882086753845,-2.763408839702606,-4.558206737041473,2020-09-07
0.5959044098854065,-2.1675044298171997,-4.900177717208862,2020-09-08
0.29119929671287537,-0.9462794959545135,-2.834220737218857,2020-09-10
-1.6878219246864319,-2.919597715139389,-4.622267514467239,2020-09-11
0.8095107078552246,0.008792489767074585,-2.7546163499355316,2020-09-15
-0.49795809388160706,-1.085070013999939,-3.2525744438171387,2020-09-16
-0.7764041423797607,-1.8614741563796997,-3.0989529490470886,2020-09-17
-0.006701111793518066,-3.5053268373012543,-5.0636972188949585,2020-09-18
-0.9586729407310486,-1.4302255809307098,-3.726412534713745,2020-09-21
-0.6823008060455322,-2.112526386976242,-3.8698328137397766,2020-09-22
-0.5393678545951843,-2.416160762310028,-3.0282516479492188,2020-09-25
-0.8858567476272583,-3.8493036031723022,-4.934373617172241,2020-09-28
-0.013809919357299805,-3.0867093801498413,-4.948183536529541,2020-09-29
-0.9319792985916138,-4.54282820224762,-6.17136213183403,2020-09-30
-0.53891921043396,-4.550906777381897,-5.950304359197617,2020-10-02
-1.8486801385879517,-4.758613169193268,-6.87113955616951,2020-10-06
-1.446147859096527,-4.779536426067352,-8.628840029239655,2020-10-08
-0.8944112658500671,-4.728158473968506,-9.270986676216125,2020-10-12
0.28512609004974365,-2.0554330348968506,-6.814046204090118,2020-10-16
-0.23725610971450806,-2.2926891446113586,-6.511934459209442,2020-10-22
-0.9572694897651672,-1.8038107752799988,-6.583347201347351,2020-10-29
0.842260479927063,-0.9615502953529358,-5.727276802062988,2020-10-30
-0.8089073896408081,-0.8760464191436768,-5.604204893112183,2020-11-05
-1.6390674710273743,-5.052047848701477,-9.157172739505768,2020-11-06
-0.8997032046318054,-3.6999431848526,-5.755376219749451,2020-11-10
0.8805577754974365,-2.5821292996406555,-4.874818444252014,2020-11-12
0.8939472436904907,-0.7309125661849976,-2.5347233414649963,2020-11-13
-0.8954526782035828,0.8790523409843445,-2.8208908438682556,2020-11-26
-0.7639217972755432,-0.7654272317886353,-3.3475565314292908,2020-12-01
0.8797623515129089,-0.779612123966217,-1.5105246901512146,2020-12-02
0.5167322754859924,-2.704210877418518,-1.829535186290741,2020-12-04
-0.9184909462928772,-1.1813707947731018,-1.9456364512443542,2020-12-09
-0.796610414981842,-1.9779812097549438,-1.7871885895729065,2020-12-10
0.6897326111793518,-1.288248598575592,-0.4134467840194702,2020-12-11
0.9359396696090698,1.3070655465126038,0.5416383147239685,2020-12-16
-0.9602744579315186,-0.02433478832244873,-1.3125833868980408,2020-12-21
-0.9145878553390503,-0.938922643661499,-1.3317185640335083,2020-12-22
-0.7769067883491516,-2.6517691016197205,-1.0260968208312988,2021-01-01
0.7263792157173157,-0.9651154279708862,-0.989450216293335,2021-01-05
-0.894068717956543,-0.9445962905883789,-1.883518934249878,2021-01-06
-0.8779937028884888,-1.5846384763717651,-3.461431384086609,2021-01-08
-0.6230151653289795,-2.3950775861740112,-3.3601930141448975,2021-01-14
1.0403955578804016,-0.46061331033706665,-1.4052096009254456,2021-01-20
0.8124116659164429,1.229792058467865,-0.5927979350090027,2021-01-26
0.7819927930831909,2.011784851551056,0.18919485807418823,2021-01-27
-0.9439520239830017,1.0678328275680542,0.022149622440338135,2021-01-28
-1.5184319019317627,-0.8679794669151306,-0.4505990743637085,2021-02-03
-0.6561461687088013,-1.0174075961112976,-4.238350749015808,2021-02-05
0.8552370667457581,-1.319341003894806,-0.6688885688781738,2021-02-18
-0.8059918284416199,-0.6069009304046631,-2.2872920632362366,2021-02-23
-1.8114767670631409,-1.7622315287590027,-3.9368095993995667,2021-03-04
-1.1510311365127563,-2.913262665271759,-5.087840735912323,2021-03-09
-0.9375452995300293,-4.706045031547546,-6.025386035442352,2021-03-10
-0.8711604475975037,-5.57720547914505,-5.378114581108093,2021-03-11
-2.421925127506256,-8.727278649806976,-10.571664988994598,2021-03-12
-0.09248024225234985,-7.285619020462036,-7.236373782157898,2021-03-16
0.9217869639396667,0.8293067216873169,-6.363832056522369,2021-04-01
-0.7780905365943909,-0.7780905365943909,0.051216185092926025,2021-04-14
0.7800537347793579,0.001963198184967041,0.9237501621246338,2021-04-16
-0.9443352818489075,-0.9423720836639404,-0.02058511972427368,2021-04-20
-0.13454598188400269,-1.0769180655479431,-0.15513110160827637,2021-04-22
0.33678650856018066,-0.9917405843734741,-2.037011206150055,2021-04-23
0.15933048725128174,-0.5827642679214478,-0.5808010697364807,2021-04-26
0.6475625038146973,0.06479823589324951,0.06676143407821655,2021-04-27
0.3158794641494751,0.3806777000427246,0.38264089822769165,2021-04-28
-1.5545545816421509,-1.2386751174926758,-1.1738768815994263,2021-05-05
0.7453984618186951,0.4098040461540222,-0.6076035499572754,2021-05-07
-0.9613018035888672,-1.770457923412323,-0.8070159554481506,2021-05-14
-0.682059645652771,-0.8979629874229431,-2.136638104915619,2021-05-18
0.24439799785614014,-0.24376094341278076,-3.3324553966522217,2021-05-21
-0.9451984763145447,-2.3441619277000427,-3.1533180475234985,2021-05-25
0.6030736565589905,-1.7410882711410522,-2.550244390964508,2021-05-27
-0.9515014290809631,1.0590396523475647,-1.1474811434745789,2021-05-28
-0.965612530708313,-1.3308826684951782,-2.9128037691116333,2021-06-02
0.60616534948349,-1.6530734300613403,-3.0520368814468384,2021-06-03
-0.570961594581604,-1.8819102048873901,-3.6229984760284424,2021-06-07
-0.7380459308624268,-2.619956135749817,-3.399742603302002,2021-06-08
-1.7400192022323608,-3.4084739089012146,-4.457702159881592,2021-06-09
-0.917716920375824,-3.9667436480522156,-5.619817078113556,2021-06-16
-1.5637773871421814,-5.530521035194397,-6.238395988941193,2021-06-17
-0.6219576597213745,-5.5815171003341675,-7.463427305221558,2021-06-18
-0.7832618355751038,-3.8867138028144836,-7.295187711715698,2021-06-23
0.6821033954620361,-0.7231160998344421,-6.253637135028839,2021-06-29
0.7566728591918945,0.6555144190788269,-4.926002681255341,2021-06-30
-0.6611785888671875,0.7775976657867432,-3.1091161370277405,2021-07-07
0.9487652778625488,1.6710184216499329,0.6792778372764587,2021-07-09
-0.6483424305915833,-0.3607557415962219,0.294758677482605,2021-07-13
-0.9879568517208099,-1.3487125933170319,-0.693198174238205,2021-07-15
-0.8960824012756348,-1.5836164057254791,-0.806018739938736,2021-07-16
-0.9411343336105347,-0.015514373779296875,0.39428967237472534,2021-07-23
-0.7914832234382629,-4.264999240636826,-3.2207396924495697,2021-07-26
-1.6650213599205017,-3.413153290748596,-4.586965650320053,2021-07-30
-0.4601627588272095,-2.125184118747711,-6.390183359384537,2021-08-04
-0.8928074240684509,-3.017991542816162,-7.282990783452988,2021-08-05
0.4510749876499176,-2.5669165551662445,-5.195616513490677,2021-08-09
0.8783395290374756,-0.9841945469379425,-3.4211945831775665,2021-08-10
0.7580100893974304,1.1946171820163727,-0.9305669367313385,2021-08-13
-1.6421034336090088,0.4453211724758148,-2.5726703703403473,2021-08-18
-0.5286183953285217,-0.5343722105026245,-3.101288765668869,2021-08-19
-1.834064781665802,-3.246776521205902,-4.230971068143845,2021-08-25
-0.8693538904190063,-2.7738632559776306,-1.4357030987739563,2021-08-27
-0.9718356132507324,-5.845976114273071,-3.7585515081882477,2021-08-31
-1.7507519721984863,-3.591941475868225,-6.838717997074127,2021-09-10
-0.8407118916511536,-3.5632994771003723,-8.437439978122711,2021-09-16
-0.8969687819480896,-1.7376806735992432,-5.329622149467468,2021-09-28
-0.7536118030548096,-2.4912924766540527,-6.083233952522278,2021-09-29
-0.9461914896965027,-2.596772074699402,-5.188235938549042,2021-10-05
-0.3225434422492981,-2.9193155169487,-5.51077938079834,2021-10-08
-0.95530766248703,-3.87462317943573,-6.46608704328537,2021-10-15
-0.544445812702179,-3.5221002101898193,-5.2597808837890625,2021-10-20
-0.7526065707206726,-3.5210949778556824,-5.1716755628585815,2021-10-25
0.6070023775100708,-1.9679011106491089,-4.564673185348511,2021-10-26
0.44434377551078796,-0.2457062304019928,-4.120329409837723,2021-10-28
-0.5484828948974609,-2.3784756660461426,-2.3939900398254395,2021-10-29
0.7092419862747192,0.7092419862747192,1.212105244398117,2021-11-30
-0.9648646712303162,-1.513347566127777,-3.3357093930244446,2021-12-03
-0.9346709251403809,-1.1902936100959778,-1.1902936100959778,2021-12-09
-0.4891347885131836,-1.4238057136535645,-1.6794283986091614,2021-12-16
-0.8059351444244385,-2.229740858078003,-2.4853635430336,2021-12-23
0.8989885449409485,-0.6143590211868286,-2.436720848083496,2021-12-31
-0.7803510427474976,-1.1764324307441711,-3.075968027114868,2022-01-03
-0.910659670829773,-1.5979573130607605,-3.021763026714325,2022-01-06
-0.39175230264663696,-1.183774471282959,-3.413515329360962,2022-01-11
-1.7725415229797363,-3.9211806654930115,-6.695737719535828,2022-01-14
-1.8780001401901245,-4.952953636646271,-6.129386067390442,2022-01-19
1.5388136506080627,-3.414139986038208,-4.590572416782379,2022-01-20
-1.4172533750534058,-4.2410465478897095,-6.207366228103638,2022-01-21
-0.7381772398948669,-4.267158627510071,-5.45093309879303,2022-01-24
-0.6673757433891296,-4.046214580535889,-7.017297387123108,2022-01-25
-0.8363471031188965,-3.9983399510383606,-7.853644490242004,2022-01-26
0.1873323917388916,-3.4718210697174072,-6.885961055755615,2022-01-28
-0.9570479989051819,-2.2734384536743164,-6.540597081184387,2022-02-02
-0.9728220105171204,-2.578884720802307,-6.625099301338196,2022-02-03
-0.6395500898361206,-2.0420366525650024,-3.5553842186927795,2022-02-04
-0.7859296798706055,-3.3553497791290283,-5.903573393821716,2022-02-08
0.37892037630081177,-2.0193814039230347,-4.292819857597351,2022-02-10
-0.8303886651992798,-3.7714138627052307,-4.385772883892059,2022-02-11
-0.8131502270698547,-2.0505481958389282,-4.619968295097351,2022-02-18
0.02820563316345215,-1.2364128828048706,-4.591762661933899,2022-02-25
-0.919117271900177,-2.1555301547050476,-5.510879933834076,2022-03-02
-0.5469846725463867,-3.081435203552246,-4.12799459695816,2022-03-08
-0.08886486291885376,-5.227103531360626,-8.054149448871613,2022-03-11
-0.6395397782325745,-2.16630095243454,-4.216849148273468,2022-03-14
0.8203434944152832,-0.45504581928253174,-2.6105759739875793,2022-03-21
-0.8804743885993958,-0.7885355353355408,-3.869970738887787,2022-03-24
-1.389574110507965,-1.4497050046920776,-3.6160059571266174,2022-04-01
-0.5177322030067444,-2.7877807021141052,-3.242826521396637,2022-04-06
0.7138956785202026,-1.1934106349945068,-1.9819461703300476,2022-04-12
-0.6862425208091736,-1.8796531558036804,-3.3644641041755676,2022-04-14
-1.8850091695785522,-6.684201180934906,-11.093589067459106,2022-04-22
-0.925426185131073,-2.8104353547096252,-4.690088510513306,2022-05-05
0.5155646204948425,-2.15458482503891,-5.925998687744141,2022-05-06
-0.7852461338043213,-1.1951076984405518,-3.5701959133148193,2022-05-11
-0.9174379706382751,-2.112545669078827,-4.4876338839530945,2022-05-13
0.44679683446884155,-1.6657488346099854,-4.237000524997711,2022-05-19
0.8501941561698914,0.109871506690979,-2.7005638480186462,2022-05-24
-0.7426285147666931,-1.1483216285705566,-2.514608323574066,2022-05-25
0.920250415802002,0.5571749210357666,-0.6379327774047852,2022-05-26
-0.9492145776748657,0.525398313999176,-1.5871473550796509,2022-06-02
-2.027144730091095,-2.8711909651756287,-8.656069040298462,2022-06-03
-1.8500974774360657,-4.6488348841667175,-4.5389633774757385,2022-06-06
-0.9591078758239746,-4.865314245223999,-6.013635873794556,2022-06-07
-0.913257896900177,-6.698822557926178,-6.141647636890411,2022-06-08
-0.5327238440513611,-6.282331824302673,-5.756933510303497,2022-06-10
0.560703456401825,-3.6944836378097534,-5.643026888370514,2022-06-14
-0.8908906579017639,-2.7352768182754517,-7.384111702442169,2022-06-15
-0.5190500617027283,-2.2952190041542053,-7.160533249378204,2022-06-16
-0.7563220262527466,-4.60325288772583,-6.858331918716431,2022-06-24
-0.9035778641700745,-2.5091371536254883,-9.24181056022644,2022-07-06
-1.709890365600586,-3.369790256023407,-5.665009260177612,2022-07-14
-0.8980241417884827,-3.511492371559143,-5.649775505065918,2022-07-18
-1.4245299100875854,-4.032444417476654,-6.541581571102142,2022-07-22
-0.46806028485298157,-4.500504702329636,-7.570345312356949,2022-07-25
-0.31280767917633057,-4.813312381505966,-6.9922623336315155,2022-07-26
-1.9355105757713318,-5.038932591676712,-8.408722847700119,2022-07-27
-0.4011175334453583,-4.542025983333588,-8.05351835489273,2022-07-28
-0.9696401357650757,-5.511666119098663,-9.023158490657806,2022-07-29
-0.8370897769927979,-4.143358021974564,-8.95667040348053,2022-08-11
0.829448401927948,-0.9772815108299255,-5.519307494163513,2022-08-15
-0.8752931952476501,-0.8829345703125,-6.394600689411163,2022-08-17
0.9107033610343933,-1.8075403571128845,-5.308078467845917,2022-08-19
-0.7833784818649292,0.08148008584976196,-4.061877936124802,2022-08-29
-0.859695315361023,-1.607663631439209,-2.5849451422691345,2022-08-31
-0.9155387282371521,-2.523202359676361,-2.530843734741211,2022-09-02
-0.9118245244026184,-2.6870585680007935,-2.6055784821510315,2022-09-14
-0.7754480242729187,-1.687272548675537,-4.210474908351898,2022-09-16
-0.5175923109054565,-2.2048648595809937,-3.8527740240097046,2022-09-20
-0.9319091439247131,-3.136774003505707,-4.912008047103882,2022-09-27
-0.4871610403060913,-2.7121105194091797,-4.53947377204895,2022-10-24
-1.351655274629593,-3.288317769765854,-4.975590318441391,2022-10-25
-0.96673184633255,-3.7374573051929474,-5.942322164773941,2022-10-26
0.8773003816604614,-2.860156923532486,-5.06502178311348,2022-10-27
-0.848436176776886,-3.708593100309372,-5.913457959890366,2022-10-28
0.6649318933486938,-2.111752063035965,-4.336701542139053,2022-11-01
0.5376555919647217,1.448358952999115,-3.154893934726715,2022-11-04
-1.3149423003196716,-0.08349061012268066,-3.820947915315628,2022-11-09
-1.5164587497711182,-0.18045461177825928,-7.563716560602188,2022-11-11
-0.8039970993995667,-3.0977425575256348,-5.2094946205616,2022-11-14
-0.8052534461021423,-4.440651595592499,-5.527587026357651,2022-11-15
-0.967438817024231,-4.093148112297058,-4.176638722419739,2022-11-18
0.8612160086631775,-3.2319321036338806,-4.192723095417023,2022-11-23
-0.7830829620361328,-3.343826472759247,-4.1273698806762695,2022-11-30
0.8759969472885132,-0.8185622692108154,-3.91630482673645,2022-12-08
0.032896995544433594,0.019588172435760498,-4.421063423156738,2022-12-09
0.7134587168693542,1.7004857063293457,-2.3926624059677124,2022-12-14
-0.8954947590827942,0.7268579006195068,-2.61696857213974,2022-12-22
0.9146532416343689,1.6415111422538757,-0.8570451736450195,2022-12-23
-1.793252944946289,-1.3353533148765564,-3.9614559412002563,2022-12-30
-0.914916455745697,-2.182436943054199,-3.9899773001670837,2023-01-06
0.23833584785461426,-2.469833552837372,-0.8283224105834961,2023-01-12
0.7237336039543152,0.04715299606323242,-1.0134827494621277,2023-01-18
-2.827006161212921,-2.7798531651496887,-3.840488910675049,2023-01-19
-2.480457365512848,-5.260310530662537,-7.034404993057251,2023-01-20
-2.8311579823493958,-7.176552057266235,-8.970068216323853,2023-01-23
-1.9121742248535156,-9.327062129974365,-11.796895682811737,2023-01-24
-2.8473413586616516,-12.174403488636017,-13.810890018939972,2023-01-25
-2.5608561635017395,-15.458993256092072,-15.411840260028839,2023-01-26
-0.023534715175628662,-12.655521810054779,-15.435374975204468,2023-01-27
-0.6986448764801025,-8.042551338672638,-15.219103395938873,2023-01-31
